State,District
Punjab,Tarn Taran
Punjab,Khadoor Sahib
Punjab,Gandiwind
Punjab,Chohla Sahib
Punjab,Naushehra Pannuan
Punjab,Valtoha
Punjab,Jandiala
Punjab,Patti
Punjab,Patiala
Punjab,Shahid Bhagat Singh Nagar
Punjab,Ludhiana
Punjab,Sirsa
Uttar Pradesh,Fathepur
Uttar Pradesh,Chitrakoot
Uttar Pradesh,Sonbhadra
Uttar Pradesh,Chandauli
Uttar Pradesh,Jaunpur
Uttar Pradesh,Karnal
Bihar,Patna
Bihar,Gaya
Bihar,Nalanda
Bihar,Aurangabad
Bihar,Rohtas
Bihar,Kaimur
Bihar,Buxar
Bihar,Bhojpur
Bihar,Saran
Bihar,Siwan
Bihar,Gopalganj
Bihar,East Champaran
Bihar,West Champaran
Bihar,Sitamarhi
Bihar,Madhubani
Bihar,Supaul
Bihar,Araria
Bihar,Kishanganj
Bihar,Purnia
Bihar,Katihar
Bihar,Bhagalpur
Bihar,Banka
Bihar,Munger
Bihar,Khagaria
Bihar,Begusarai
Bihar,Samastipur
Bihar,Darbhanga
Bihar,Muzaffarpur
Bihar,Vaishali
Bihar,Lakhimpur
Bihar,Nalbari
Bihar,Barpeta
Maharashtra,Nagpur
Maharashtra,Wardha
Maharashtra,Amravati
Maharashtra,Yavatmal
Maharashtra,Buldhana
Maharashtra,Akola
Maharashtra,Washim
Maharashtra,Ahmednagar
Maharashtra,Sangli
Maharashtra,Solapur
Maharashtra,Satara
Maharashtra,Kolhapur
Maharashtra,Pune
Maharashtra,Nashik
Maharashtra,Jalgaon
Maharashtra,Aurangabad
Maharashtra,Nanded
Maharashtra,Latur
Maharashtra,Osmanabad
Maharashtra,Parbhani
Maharashtra,Hingoli
Maharashtra,Bhandara
Maharashtra,Gondia
Maharashtra,Chandrapur
Maharashtra,Gadchiroli
Maharashtra,Nandurbar
Maharashtra,Dhule
Maharashtra,Jalna
Maharashtra,Beed
Maharashtra,Lakhimpur Kheri
Karnataka,Bidar
Karnataka,Belagavi
Karnataka,Vijayapura
Karnataka,Kalaburagi
Karnataka,Bagalkote
Karnataka,Raichur
Karnataka,Koppal
Karnataka,Gadag
Karnataka,Haveri
Karnataka,Dharwad
Karnataka,Uttara Kannada
Karnataka,Dakshina Kannada
Karnataka,Udupi
Karnataka,Shivamogga
Karnataka,Chitradurga
Karnataka,Davanagere
Karnataka,Ballari
Karnataka,Chikkamagaluru
Karnataka,Hassan
Karnataka,Kodagu
Karnataka,Mandya
Karnataka,Mysuru
Karnataka,Chamarajanagar
Karnataka,Bengaluru Urban
Karnataka,Bengaluru Rural
Karnataka,Ramanagara
Karnataka,Kolar
Karnataka,Chikkaballapura
Karnataka,Tumkur
Gujarat,Vadodara
Gujarat,Panchmahal
Telangana,Nalgonda
Telangana,East Godavari
